City_ID,City,Country,Date,Lat,Lng,Max Temp,Humidity,Cloudiness,Wind Speed
0,Sao Filipe,CV,2022-02-12 23:46:48,14.8961,-24.4956,77.47,48,97,19.55
1,Rikitea,PF,2022-02-12 23:51:32,-23.1203,-134.9692,78.96,71,0,16.82
2,Puerto Ayora,EC,2022-02-12 23:51:32,-0.7393,-90.3518,77.56,89,72,1.99
3,Ponta Do Sol,PT,2022-02-12 23:51:32,32.6667,-17.1,64.06,71,27,4.61
4,Cherskiy,RU,2022-02-12 23:51:33,68.75,161.3,-18.33,97,100,10.29
5,Grootfontein,NA,2022-02-12 23:51:33,-19.5667,18.1167,65.77,94,98,1.14
6,Ratnagiri,IN,2022-02-12 23:51:33,16.9833,73.3,72.95,56,72,5.06
7,Mataura,NZ,2022-02-12 23:51:33,-46.1927,168.8643,53.47,95,100,4.38
8,Virginia Beach,US,2022-02-12 23:51:34,36.8529,-75.978,64.42,52,96,5.7
9,Tabou,CI,2022-02-12 23:51:34,4.423,-7.3528,78.33,87,28,5.91
10,La Ronge,CA,2022-02-12 23:47:23,55.1001,-105.2842,-7.35,71,40,6.91
11,Punta Arenas,CL,2022-02-12 23:51:34,-53.15,-70.9167,53.71,58,75,18.41
12,Fort Nelson,CA,2022-02-12 23:50:52,58.8053,-122.7002,15.39,73,75,0.0
13,Carnarvon,AU,2022-02-12 23:46:56,-24.8667,113.6333,82.47,74,78,5.75
14,Morondava,MG,2022-02-12 23:51:35,-20.2833,44.2833,79.36,86,49,4.79
15,Cidreira,BR,2022-02-12 23:48:11,-30.1811,-50.2056,74.53,81,4,20.15
16,Paso De Carrasco,UY,2022-02-12 23:51:35,-34.8603,-56.0522,65.25,72,100,17.27
17,San Quintin,MX,2022-02-12 23:50:34,30.4833,-115.95,71.15,37,88,7.85
18,Constitucion,CL,2022-02-12 23:51:35,-35.3333,-72.4167,60.82,82,1,7.0
19,Hermanus,ZA,2022-02-12 23:51:35,-34.4187,19.2345,67.89,80,99,6.38
20,Sitka,US,2022-02-12 23:51:36,57.0531,-135.33,42.69,81,75,4.61
21,Butaritari,KI,2022-02-12 23:51:36,3.0707,172.7902,82.76,70,91,13.33
22,Ostrovnoy,RU,2022-02-12 23:51:36,68.0531,39.5131,4.28,96,61,3.58
23,Acapulco,MX,2022-02-12 23:51:37,16.8634,-99.8901,81.36,60,99,7.27
24,Lagoa,PT,2022-02-12 23:51:37,39.05,-27.9833,60.78,90,100,21.92
25,Hobart,AU,2022-02-12 23:48:28,-42.8794,147.3294,73.26,51,75,16.11
26,Yellowknife,CA,2022-02-12 23:49:44,62.456,-114.3525,-9.58,82,75,9.22
27,Shitkino,RU,2022-02-12 23:51:37,56.3703,98.3543,-18.89,100,18,3.96
28,Ushuaia,AR,2022-02-12 23:51:38,-54.8,-68.3,47.86,53,20,24.16
29,Necochea,AR,2022-02-12 23:51:38,-38.5473,-58.7368,61.03,65,1,3.13
30,Jamestown,US,2022-02-12 23:48:14,42.097,-79.2353,21.29,86,100,9.22
31,Khatanga,RU,2022-02-12 23:51:38,71.9667,102.5,-17.7,86,74,2.89
32,Ouidah,BJ,2022-02-12 23:51:38,6.3631,2.0851,82.26,84,69,9.95
33,Bluff,NZ,2022-02-12 23:51:39,-46.6,168.3333,53.8,77,100,13.89
34,Husavik,IS,2022-02-12 23:51:39,66.0449,-17.3389,21.11,87,88,8.99
35,Hami,CN,2022-02-12 23:51:39,42.8,93.45,25.27,58,60,5.64
36,Birjand,IR,2022-02-12 23:51:40,32.8663,59.2211,43.27,70,75,0.0
37,Samfya,ZM,2022-02-12 23:51:40,-11.3649,29.5565,64.08,93,78,4.23
38,Pau Dos Ferros,BR,2022-02-12 23:51:40,-6.1125,-38.2063,76.23,77,46,4.65
39,Tres Arroyos,AR,2022-02-12 23:51:40,-38.3739,-60.2798,56.12,57,3,7.87
40,Atuona,PF,2022-02-12 23:51:41,-9.8,-139.0333,77.67,77,13,12.55
41,Bredasdorp,ZA,2022-02-12 23:48:24,-34.5322,20.0403,67.32,77,100,2.3
42,Beringovskiy,RU,2022-02-12 23:51:41,63.05,179.3167,-19.37,92,9,7.11
43,Nichinan,JP,2022-02-12 23:52:41,31.6,131.3667,55.08,95,100,12.8
44,Cabo San Lucas,MX,2022-02-12 23:49:09,22.8909,-109.9124,79.52,46,5,1.01
45,Porteirinha,BR,2022-02-12 23:52:42,-15.7433,-43.0283,70.88,84,98,3.83
46,Busselton,AU,2022-02-12 23:52:42,-33.65,115.3333,63.05,60,0,12.73
47,Frontignan,FR,2022-02-12 23:52:42,43.4485,3.754,52.05,83,100,14.54
48,Kapaa,US,2022-02-12 23:52:43,22.0752,-159.319,79.2,68,75,12.66
49,Klaksvik,FO,2022-02-12 23:52:43,62.2266,-6.589,40.12,96,94,23.06
50,Nikolskoye,RU,2022-02-12 23:48:29,59.7035,30.7861,36.72,98,100,10.69
51,Buchanan,LR,2022-02-12 23:52:44,5.8808,-10.0467,78.58,88,6,6.22
52,Terre Haute,US,2022-02-12 23:50:39,39.4667,-87.4139,23.23,77,100,10.36
53,Hithadhoo,MV,2022-02-12 23:52:44,-0.6,73.0833,81.18,70,100,11.63
54,Abalak,RU,2022-02-12 23:52:44,58.1286,68.5944,1.83,96,100,3.62
55,Tiarei,PF,2022-02-12 23:52:45,-17.5333,-149.3333,86.02,75,73,12.62
56,Sawtell,AU,2022-02-12 23:49:31,-30.3833,153.1,75.22,64,40,13.8
57,Ribeira Grande,PT,2022-02-12 23:52:45,38.5167,-28.7,61.56,89,100,15.57
58,Lompoc,US,2022-02-12 23:52:46,34.6391,-120.4579,86.14,20,0,10.36
59,Mineiros,BR,2022-02-12 23:52:46,-17.5694,-52.5511,70.2,91,66,4.0
60,Neyyattinkara,IN,2022-02-12 23:52:46,8.4,77.0833,78.66,86,92,4.68
61,Honiara,SB,2022-02-12 23:50:31,-9.4333,159.95,85.48,68,78,2.86
62,Henties Bay,NA,2022-02-12 23:52:47,-22.116,14.2845,70.86,79,96,5.17
63,Vaini,TO,2022-02-12 23:52:47,-21.2,-175.2,86.16,79,20,11.5
64,Avarua,CK,2022-02-12 23:50:15,-21.2078,-159.775,82.45,65,100,4.61
65,Port Elizabeth,ZA,2022-02-12 23:52:47,-33.918,25.5701,70.09,94,75,21.85
66,College,US,2022-02-12 23:52:48,64.8569,-147.8028,-0.42,71,75,0.0
67,El Alto,PE,2022-02-12 23:52:48,-4.2714,-81.2147,72.21,73,81,7.67
68,Saint-Philippe,RE,2022-02-12 23:52:48,-21.3585,55.7679,78.35,83,23,10.02
69,Kasongo-Lunda,CD,2022-02-12 23:52:48,-6.4667,16.8167,69.26,97,95,1.12
70,Sao Joao Da Barra,BR,2022-02-12 23:52:49,-21.6403,-41.0511,74.71,87,97,2.66
71,Sorland,NO,2022-02-12 23:52:49,67.667,12.6934,33.04,86,100,12.46
72,Provideniya,RU,2022-02-12 23:52:49,64.3833,-173.3,-5.03,86,12,4.03
73,Mar Del Plata,AR,2022-02-12 23:52:50,-38.0023,-57.5575,64.09,74,40,11.5
74,Chuy,UY,2022-02-12 23:52:50,-33.6971,-53.4616,67.75,95,94,8.55
75,Sungaipenuh,ID,2022-02-12 23:52:50,-2.0833,101.3833,63.7,86,100,3.18
76,Albany,US,2022-02-12 23:52:50,42.6001,-73.9662,35.47,66,53,1.99
77,Sayansk,RU,2022-02-12 23:52:51,54.1088,102.1648,-31.67,100,30,2.44
78,Smithers,CA,2022-02-12 23:52:51,54.7804,-127.1743,37.72,65,75,4.61
79,Roald,NO,2022-02-12 23:52:51,62.5833,6.1333,41.14,87,100,9.22
80,Richards Bay,ZA,2022-02-12 23:48:09,-28.783,32.0377,71.76,89,0,9.64
81,Patterson,US,2022-02-12 23:52:52,37.4716,-121.1297,83.41,46,32,4.16
82,Willowmore,ZA,2022-02-12 23:52:52,-33.2926,23.4895,73.96,46,92,6.04
83,Sola,VU,2022-02-12 23:52:52,-13.8833,167.55,78.55,82,100,13.67
84,Dikson,RU,2022-02-12 23:52:53,73.5069,80.5464,-4.04,87,100,25.97
85,Barzas,RU,2022-02-12 23:52:53,55.7167,86.3167,-5.57,98,7,3.06
86,Nizhniy Odes,RU,2022-02-12 23:52:53,63.6445,54.856,10.2,96,99,6.76
87,Burley,US,2022-02-12 23:52:54,42.5357,-113.7928,37.31,69,0,5.75
88,Kahului,US,2022-02-12 23:50:47,20.8947,-156.47,82.42,61,40,18.41
89,Nanortalik,GL,2022-02-12 23:50:30,60.1432,-45.2371,30.15,95,100,11.61
90,Tasiilaq,GL,2022-02-12 23:53:54,65.6145,-37.6368,3.61,66,100,4.92
91,Abnub,EG,2022-02-12 23:53:54,27.2696,31.1511,53.82,36,0,2.46
92,San Patricio,US,2022-02-12 23:53:55,28.017,-97.5169,55.49,54,96,23.31
93,Chokurdakh,RU,2022-02-12 23:53:55,70.6333,147.9167,-2.6,96,100,12.41
94,Kruisfontein,ZA,2022-02-12 23:53:55,-34.0033,24.7314,70.56,94,99,8.97
95,Barrow,US,2022-02-12 23:53:55,71.2906,-156.7887,-29.18,68,75,9.22
96,Verkhoyansk,RU,2022-02-12 23:53:56,67.5447,133.385,-28.35,97,92,1.86
97,Port Lincoln,AU,2022-02-12 23:53:56,-34.7333,135.8667,76.48,39,99,11.16
98,Vrangel,RU,2022-02-12 23:53:56,42.7297,133.0839,16.02,55,5,9.35
99,Hilo,US,2022-02-12 23:49:13,19.7297,-155.09,80.33,57,20,10.36
100,Kirakira,SB,2022-02-12 23:53:57,-10.4544,161.9205,84.61,69,54,3.65
101,Boksitogorsk,RU,2022-02-12 23:53:57,59.474,33.8485,30.58,98,100,7.94
102,Challapata,BO,2022-02-12 23:53:57,-18.9,-66.7667,50.4,68,100,8.81
103,Edea,CM,2022-02-12 23:53:57,3.8,10.1333,80.38,91,49,1.3
104,Itarema,BR,2022-02-12 23:52:39,-2.9248,-39.9167,78.94,82,92,9.73
105,Quatre Cocos,MU,2022-02-12 23:53:58,-20.2078,57.7625,77.11,86,17,12.66
106,Mildura,AU,2022-02-12 23:53:58,-34.2,142.15,88.07,28,79,24.16
107,Avera,US,2022-02-12 23:53:58,33.194,-82.5271,62.65,57,85,7.36
108,Flinders,AU,2022-02-12 23:53:58,-34.5833,150.8552,75.79,73,61,4.0
109,Arraial Do Cabo,BR,2022-02-12 23:53:59,-22.9661,-42.0278,75.22,84,22,6.08
110,Severo-Kurilsk,RU,2022-02-12 23:53:59,50.6789,156.125,24.3,74,56,6.15
111,Aykhal,RU,2022-02-12 23:53:59,66.0,111.5,-8.97,81,69,4.16
112,Tuatapere,NZ,2022-02-12 23:54:00,-46.1333,167.6833,53.82,70,100,8.43
113,Tuktoyaktuk,CA,2022-02-12 23:54:00,69.4541,-133.0374,-27.4,68,20,3.44
114,Aswan,EG,2022-02-12 23:54:01,24.0934,32.907,60.1,38,0,8.05
115,Lisakovsk,KZ,2022-02-12 23:54:01,52.5369,62.4936,11.88,97,96,8.25
116,Yulara,AU,2022-02-12 23:54:01,-25.2406,130.9889,78.64,27,1,8.05
117,Palmer,US,2022-02-12 23:53:19,42.1584,-72.3287,46.47,56,75,9.22
118,Kismayo,SO,2022-02-12 23:54:02,-0.3582,42.5454,76.15,80,66,11.3
119,Esso,RU,2022-02-12 23:49:19,55.9333,158.7,5.32,95,88,3.2
120,Olafsvik,IS,2022-02-12 23:54:02,64.8945,-23.7142,26.28,70,22,17.45
121,Peterhead,GB,2022-02-12 23:51:00,57.5058,-1.7981,44.56,76,74,22.97
122,Vardo,NO,2022-02-12 23:54:03,70.3705,31.1107,26.82,65,14,17.09
123,Suntar,RU,2022-02-12 23:54:03,62.1444,117.6319,-31.72,100,98,2.84
124,Gurupa,BR,2022-02-12 23:54:03,-1.405,-51.64,74.98,93,68,2.86
125,Kaitangata,NZ,2022-02-12 23:54:04,-46.2817,169.8464,54.93,78,100,10.18
126,Qaanaaq,GL,2022-02-12 23:54:04,77.484,-69.3632,-19.25,48,0,8.77
127,Vigrestad,NO,2022-02-12 23:54:04,58.5667,5.7,44.28,90,100,24.09
128,Panguipulli,CL,2022-02-12 23:54:05,-39.6333,-72.3333,80.31,43,73,3.47
129,Bayir,TR,2022-02-12 23:54:05,37.2687,28.2167,39.72,86,88,1.28
130,Muroto,JP,2022-02-12 23:54:06,33.2833,134.15,44.64,81,100,12.19
131,Cape Town,ZA,2022-02-12 23:50:49,-33.9258,18.4232,69.89,77,20,1.01
132,Dunnville,CA,2022-02-12 23:54:06,42.9001,-79.6163,23.34,74,100,12.68
133,Morristown,US,2022-02-12 23:51:45,36.214,-83.2949,47.5,59,100,6.91
134,Saldanha,ZA,2022-02-12 23:55:06,-33.0117,17.9442,66.25,91,79,15.52
135,Muncar,ID,2022-02-12 23:55:07,-8.4333,114.3333,76.48,90,100,4.29
136,Batagay-Alyta,RU,2022-02-12 23:55:07,67.8006,130.4114,-19.64,88,86,5.06
137,La Paz,BO,2022-02-12 23:50:40,-16.5,-68.15,49.98,81,75,10.36
138,Saint George,US,2022-02-12 23:55:07,37.1041,-113.5841,70.27,10,0,0.0
139,Flagstaff,US,2022-02-12 23:52:38,35.1981,-111.6513,59.79,15,0,4.61
140,Nuuk,GL,2022-02-12 23:55:08,64.1835,-51.7216,13.87,92,100,3.27
141,Katsina,NG,2022-02-12 23:55:08,12.9894,7.6006,64.6,13,3,11.1
142,Tezu,IN,2022-02-12 23:55:08,27.9167,96.1667,50.02,58,1,4.27
143,Dunedin,NZ,2022-02-12 23:54:41,-45.8742,170.5036,51.8,87,100,11.01
144,Lavrentiya,RU,2022-02-12 23:55:09,65.5833,-171.0,-10.57,91,11,7.18
145,Bengkulu,ID,2022-02-12 23:55:09,-3.8004,102.2655,76.12,82,96,3.98
146,Katsuura,JP,2022-02-12 23:55:09,35.1333,140.3,43.2,60,71,3.94
147,Balakovo,RU,2022-02-12 23:54:28,52.0278,47.8007,16.83,96,93,6.06
148,Grindavik,IS,2022-02-12 23:55:10,63.8424,-22.4338,21.67,73,0,3.44
149,Maarianhamina,AX,2022-02-12 23:55:10,60.0973,19.9348,35.46,80,75,12.66
150,Tiksi,RU,2022-02-12 23:55:10,71.6872,128.8694,-8.48,90,90,14.83
151,Margate,GB,2022-02-12 23:55:11,51.3813,1.3862,44.96,72,91,8.01
152,Ancud,CL,2022-02-12 23:55:11,-41.8697,-73.8203,69.33,83,49,1.34
153,Pakxe,LA,2022-02-12 23:50:57,15.1167,105.7833,72.55,84,61,2.17
154,Sigli,ID,2022-02-12 23:55:11,5.3848,95.9609,77.77,82,63,5.08
155,Acacias,CO,2022-02-12 23:50:27,3.987,-73.758,77.7,58,91,6.55
156,North Bend,US,2022-02-12 23:55:12,43.4065,-124.2243,68.92,70,0,5.75
157,Thompson,CA,2022-02-12 23:55:12,55.7435,-97.8558,-7.44,54,0,6.91
158,Almaznyy,RU,2022-02-12 23:55:12,48.0448,40.045,30.34,91,96,14.5
159,Port Alfred,ZA,2022-02-12 23:55:12,-33.5906,26.891,74.98,92,46,11.9
160,Fortuna,US,2022-02-12 23:55:13,40.5982,-124.1573,73.42,78,0,12.66
161,Remontnoye,RU,2022-02-12 23:55:13,46.5614,43.6501,34.21,91,100,20.65
162,Hasaki,JP,2022-02-12 23:55:13,35.7333,140.8333,37.8,60,47,7.02
163,Salalah,OM,2022-02-12 23:52:23,17.0151,54.0924,67.82,76,4,3.96
164,Victoria,HK,2022-02-12 23:55:14,22.2855,114.1577,65.17,90,100,8.99
165,Esperance,AU,2022-02-12 23:55:14,-33.8667,121.9,64.24,59,94,8.34
166,La Macarena,CO,2022-02-12 23:55:14,2.1837,-73.7849,78.53,58,66,2.39
167,Byron Bay,AU,2022-02-12 23:55:15,-28.65,153.6167,76.95,73,80,13.85
168,Sisimiut,GL,2022-02-12 23:55:15,66.9395,-53.6735,10.96,93,100,18.88
169,Bourail,NC,2022-02-12 23:55:15,-21.5667,165.4833,84.96,69,98,6.17
170,Zhigansk,RU,2022-02-12 23:55:16,66.7697,123.3711,-30.32,99,88,5.32
171,Beloha,MG,2022-02-12 23:55:16,-25.1667,45.05,73.42,85,6,14.94
172,New Norfolk,AU,2022-02-12 23:55:16,-42.7826,147.0587,72.91,42,97,4.47
173,Narsaq,GL,2022-02-12 23:55:17,60.9167,-46.05,28.62,96,100,9.48
174,Guerrero Negro,MX,2022-02-12 23:55:17,27.9769,-114.0611,75.02,29,100,8.08
175,Markala,ML,2022-02-12 23:55:17,13.7021,-6.0659,70.61,14,0,9.44
176,Alofi,NU,2022-02-12 23:50:31,-19.0595,-169.9187,85.89,70,32,11.5
177,Hualmay,PE,2022-02-12 23:50:43,-11.0964,-77.6139,71.71,77,53,7.18
178,Port-Cartier,CA,2022-02-12 23:55:17,50.0334,-66.8654,30.31,90,100,17.34
179,Cadillac,US,2022-02-12 23:50:55,44.2519,-85.4012,11.79,66,100,3.44
180,Alta Floresta,BR,2022-02-12 23:56:18,-9.8756,-56.0861,71.01,97,99,2.33
181,Taree,AU,2022-02-12 23:56:18,-31.9,152.4667,73.58,77,100,2.77
182,Portland,US,2022-02-12 23:56:18,45.5234,-122.6762,64.53,31,0,15.99
183,Coquimbo,CL,2022-02-12 23:56:19,-29.9533,-71.3436,67.73,77,20,10.36
184,Lewiston,US,2022-02-12 23:56:19,44.1003,-70.2148,46.22,58,38,8.61
185,La Serena,CL,2022-02-12 23:51:57,-29.9078,-71.2542,67.51,77,20,10.36
186,Bend,US,2022-02-12 23:56:19,44.0582,-121.3153,56.46,41,0,6.91
187,Pickerington,US,2022-02-12 23:56:20,39.8842,-82.7535,28.9,78,100,4.0
188,Buin,CL,2022-02-12 23:54:04,-33.7333,-70.75,84.42,43,10,4.85
189,Nome,US,2022-02-12 23:56:20,64.5011,-165.4064,-9.24,87,74,4.74
190,Aklavik,CA,2022-02-12 23:56:20,68.2191,-135.0107,-17.57,69,75,3.44
191,Iqaluit,CA,2022-02-12 23:56:20,63.7506,-68.5145,-24.07,62,100,3.44
192,Sinnamary,GF,2022-02-12 23:56:21,5.3833,-52.95,75.99,89,89,9.28
193,North Battleford,CA,2022-02-12 23:56:21,52.7834,-108.2847,6.89,72,0,9.22
194,Marzuq,YE,2022-02-12 23:56:21,14.4,46.4667,61.14,60,27,0.16
195,Isangel,VU,2022-02-12 23:52:47,-19.55,169.2667,86.11,79,75,4.61
196,Port Blair,IN,2022-02-12 23:56:21,11.6667,92.75,71.64,88,20,2.3
197,Guadalupe,MX,2022-02-12 23:53:36,25.6833,-100.25,66.34,43,22,13.85
198,Faanui,PF,2022-02-12 23:56:22,-16.4833,-151.75,80.91,74,83,11.7
199,Saskylakh,RU,2022-02-12 23:56:22,71.9167,114.0833,-5.64,76,63,8.72
200,Zapolyarnyy,RU,2022-02-12 23:56:22,69.4154,30.8136,-1.12,95,10,6.17
201,Cockburn Town,TC,2022-02-12 23:56:23,21.4612,-71.1419,77.47,78,0,19.6
202,Lebu,CL,2022-02-12 23:56:23,-37.6167,-73.65,59.36,86,52,9.08
203,Moose Factory,CA,2022-02-12 23:56:23,51.2585,-80.6094,-9.4,58,0,6.91
204,Turukhansk,RU,2022-02-12 23:56:23,65.8167,87.9833,-12.96,83,1,8.37
205,Kautokeino,NO,2022-02-12 23:56:24,69.0125,23.0412,-16.37,100,33,2.39
206,Sulphur,US,2022-02-12 23:56:24,30.2366,-93.3774,53.6,72,100,20.71
207,Misratah,LY,2022-02-12 23:56:25,32.3754,15.0925,57.33,65,23,4.52
208,Chojnice,PL,2022-02-12 23:56:25,53.6955,17.557,26.29,69,56,9.93
209,Labuhan,ID,2022-02-12 23:56:25,-6.8844,112.2051,78.48,84,100,5.99
210,Upernavik,GL,2022-02-12 23:56:26,72.7868,-56.1549,9.9,88,100,27.07
211,Togur,RU,2022-02-12 23:56:26,58.3631,82.8265,-4.27,95,10,8.59
212,Meiganga,CM,2022-02-12 23:56:26,6.5167,14.3,65.93,23,73,4.63
213,Santa Fe,AR,2022-02-12 23:54:48,-31.6333,-60.7,70.02,48,83,5.01
214,Jiuquan,CN,2022-02-12 23:56:27,39.7432,98.5174,21.99,65,100,3.11
215,Saint Anthony,US,2022-02-12 23:56:27,45.0205,-93.218,6.26,62,75,4.61
216,Longyearbyen,SJ,2022-02-12 23:56:27,78.2186,15.6401,8.44,72,0,10.36
217,Cayenne,GF,2022-02-12 23:51:40,4.9333,-52.3333,77.09,88,100,0.0
218,Mount Gambier,AU,2022-02-12 23:56:27,-37.8333,140.7667,75.11,41,87,12.66
219,Bambous Virieux,MU,2022-02-12 23:54:46,-20.3428,57.7575,77.25,94,75,3.44
220,Barcelos,PT,2022-02-12 23:54:08,41.5388,-8.6151,49.84,93,16,1.7
221,Port-Gentil,GA,2022-02-12 23:56:28,-0.7193,8.7815,80.56,89,40,5.75
222,Dalvik,IS,2022-02-12 23:56:28,65.9702,-18.5286,21.13,93,94,8.95
223,Hun,LY,2022-02-12 23:56:28,29.1268,15.9477,51.44,46,0,6.29
224,Lianzhou,CN,2022-02-12 23:56:29,24.7811,112.3825,43.81,92,100,4.81
225,Kralendijk,BQ,2022-02-12 23:52:40,12.15,-68.2667,78.78,73,0,16.11
226,Kedrovyy,RU,2022-02-12 23:56:42,56.1667,91.8167,-19.14,93,25,8.5
227,Dale,US,2022-02-12 23:57:29,38.1689,-86.99,25.45,74,100,6.91
228,Divnomorskoye,RU,2022-02-12 23:57:29,44.5011,38.1353,35.89,56,99,13.62
229,Kavaratti,IN,2022-02-12 23:57:30,10.5669,72.642,80.47,70,7,5.1
230,Pisco,PE,2022-02-12 23:57:30,-13.7,-76.2167,71.65,73,0,21.85
231,Airai,TL,2022-02-12 23:57:30,-8.9266,125.4092,66.47,80,76,3.0
232,Malakal,SS,2022-02-12 23:57:30,9.5334,31.6605,78.75,23,28,7.96
233,Souillac,MU,2022-02-12 23:57:31,-20.5167,57.5167,77.38,94,75,3.44
234,Denpasar,ID,2022-02-12 23:57:31,-8.65,115.2167,80.26,83,20,9.22
235,Tateyama,JP,2022-02-12 23:57:31,34.9833,139.8667,48.47,68,81,4.05
236,Bozoum,CF,2022-02-12 23:57:32,6.3193,16.3799,69.89,22,46,3.51
237,Djibo,BF,2022-02-12 23:57:32,14.1022,-1.6306,72.64,11,3,8.9
238,Sinjar,IQ,2022-02-12 23:57:33,36.3209,41.8754,46.71,42,0,4.81
239,Aquiraz,BR,2022-02-12 23:57:33,-3.9014,-38.3911,83.17,83,71,6.73
240,Waingapu,ID,2022-02-12 23:57:33,-9.6567,120.2641,80.73,75,100,1.43
241,Harper,LR,2022-02-12 23:57:34,4.375,-7.7169,78.57,86,29,6.55
242,Touros,BR,2022-02-12 23:57:34,-5.1989,-35.4608,83.3,79,34,9.1
243,Hofn,IS,2022-02-12 23:57:34,64.2539,-15.2082,23.27,68,97,17.52
244,Manjacaze,MZ,2022-02-12 23:57:35,-24.7117,33.8828,68.22,90,1,2.35
245,Sao Felix Do Xingu,BR,2022-02-12 23:57:35,-6.6447,-51.995,70.11,99,99,1.54
246,Maldonado,UY,2022-02-12 23:57:35,-34.6667,-54.9167,63.79,88,100,15.08
247,Mitsamiouli,KM,2022-02-12 23:57:36,-11.3847,43.2844,80.02,78,78,8.39
248,Praia,CV,2022-02-12 23:53:25,14.9215,-23.5087,73.94,64,100,18.41
249,Road Town,VG,2022-02-12 23:57:36,18.4167,-64.6167,75.24,88,75,6.91
250,Valer,NO,2022-02-12 23:57:36,60.6785,11.8331,37.85,97,100,12.75
251,Okhotsk,RU,2022-02-12 23:57:37,59.3833,143.3,-10.17,78,7,10.51
252,Zhanakorgan,KZ,2022-02-12 23:57:37,43.9098,67.2495,29.32,78,82,6.85
253,Tucuman,AR,2022-02-12 23:56:32,-26.8241,-65.2226,68.0,83,20,4.61
254,Kloulklubed,PW,2022-02-12 23:57:37,7.0419,134.2556,82.9,77,81,19.51
255,Brae,GB,2022-02-12 23:57:38,60.3964,-1.353,44.51,89,99,22.12
256,Taoudenni,ML,2022-02-12 23:57:38,22.6783,-3.9836,62.83,22,0,10.8
257,Khasan,RU,2022-02-12 23:57:38,42.4308,130.6434,19.9,49,91,9.42
258,Klichka,RU,2022-02-12 23:57:38,50.4457,117.996,-19.55,100,99,1.74
259,Joshimath,IN,2022-02-12 23:57:39,30.5667,79.5667,36.88,35,0,8.99
260,Bethel,US,2022-02-12 23:57:39,41.3712,-73.414,50.02,58,99,1.01
261,General Roca,AR,2022-02-12 23:57:39,-39.0333,-67.5833,82.8,13,77,9.46
262,San Cristobal,VE,2022-02-12 23:54:37,7.7669,-72.225,73.58,62,91,2.21
263,Eravur,LK,2022-02-12 23:57:39,7.7733,81.6095,74.26,93,100,2.04
264,Castro,BR,2022-02-12 23:57:40,-24.7911,-50.0119,63.91,69,32,6.42
265,Coyah,GN,2022-02-12 23:57:40,9.75,-13.4167,79.75,86,6,3.13
266,Paamiut,GL,2022-02-12 23:54:25,61.994,-49.6678,18.77,91,100,2.64
267,Meulaboh,ID,2022-02-12 23:56:55,4.1363,96.1285,76.51,86,99,4.56
268,Kuznetsk,RU,2022-02-12 23:57:40,53.1167,46.6004,20.03,96,99,7.2
269,Krutinka,RU,2022-02-12 23:57:40,56.0055,71.5113,2.14,96,100,3.62
270,Teya,RU,2022-02-12 23:57:41,60.3778,92.6267,-17.86,99,35,2.26
271,Karasjok,NO,2022-02-12 23:57:41,69.4719,25.5112,6.91,98,10,3.47
272,Jaumave,MX,2022-02-12 23:58:41,23.4167,-99.3833,65.48,82,42,6.33
273,Mazagao,BR,2022-02-12 23:58:42,-0.115,-51.2894,82.45,89,68,4.38
274,Bismarck,US,2022-02-12 23:53:52,46.8083,-100.7837,15.87,78,40,17.27
275,Oranjestad,AW,2022-02-12 23:58:42,12.524,-70.027,80.55,69,20,20.71
276,Falmouth,GB,2022-02-12 23:56:44,50.1544,-5.0711,50.9,91,100,24.34
277,Norman Wells,CA,2022-02-12 23:58:42,65.282,-126.8329,-14.76,76,75,3.44
278,Saint-Augustin,CA,2022-02-12 23:58:43,51.226,-58.6502,32.83,98,100,12.5
279,Mut,TR,2022-02-12 23:58:43,36.6439,33.4389,43.29,53,80,3.74
280,Fairbanks,US,2022-02-12 23:56:41,64.8378,-147.7164,5.81,73,100,0.0
281,Half Moon Bay,US,2022-02-12 23:56:56,37.4636,-122.4286,83.19,43,0,5.75
282,Cairns,AU,2022-02-12 23:55:14,-16.9167,145.7667,85.06,61,40,11.5
283,Vila Franca Do Campo,PT,2022-02-12 23:58:44,37.7167,-25.4333,63.19,89,100,10.13
284,Igrim,RU,2022-02-12 23:58:44,63.1906,64.4162,-6.68,100,94,4.5
285,Laguna,US,2022-02-12 23:58:44,38.421,-121.4238,79.3,41,0,3.0
286,Chiredzi,ZW,2022-02-12 23:58:45,-21.05,31.6667,67.53,71,4,6.89
287,Newcastle,AU,2022-02-12 23:58:45,-32.9272,151.7765,73.09,75,100,6.91
288,Geraldton,AU,2022-02-12 23:58:45,-28.7667,114.6,68.41,77,1,9.22
289,Kodiak,US,2022-02-12 23:55:29,57.79,-152.4072,37.35,83,93,1.97
290,Tamandare,BR,2022-02-12 23:58:46,-8.7597,-35.1047,79.72,82,30,10.16
291,Rio Gallegos,AR,2022-02-12 23:58:46,-51.6226,-69.2181,64.45,32,0,23.02
292,Puerto El Triunfo,SV,2022-02-12 23:58:46,13.2833,-88.55,81.82,69,1,8.32
293,Forbes,AU,2022-02-12 23:58:47,-33.3833,148.0167,78.93,38,0,7.85
294,Georgetown,MY,2022-02-12 23:58:47,5.4112,100.3354,78.89,84,20,5.75
295,Baykit,RU,2022-02-12 23:58:47,61.67,96.37,-16.33,100,38,2.57
296,Pinega,RU,2022-02-12 23:58:47,64.7001,43.3936,6.49,97,84,5.77
297,Orsk,RU,2022-02-12 23:58:48,51.2049,58.5668,22.1,93,75,13.42
298,Novaya Lyalya,RU,2022-02-12 23:58:48,59.055,60.599,4.05,98,95,1.3
299,Wasilla,US,2022-02-12 23:55:19,61.5814,-149.4394,33.78,90,100,6.91
300,Chernyshevskiy,RU,2022-02-12 23:58:48,63.0128,112.4714,-18.36,100,96,1.45
301,Tolaga Bay,NZ,2022-02-12 23:58:48,-38.3667,178.3,73.81,74,61,14.18
302,Hobyo,SO,2022-02-12 23:58:49,5.3505,48.5268,76.05,73,83,13.02
303,San Vicente De Canete,PE,2022-02-12 23:58:49,-13.0751,-76.3835,70.11,83,70,3.31
304,Wewak,PG,2022-02-12 23:58:50,-3.5534,143.6268,80.55,80,80,3.18
305,Nhulunbuy,AU,2022-02-12 23:58:50,-12.2333,136.7667,86.61,70,40,8.05
306,Bar Harbor,US,2022-02-12 23:58:50,44.3876,-68.2039,47.23,64,70,8.99
307,Merauke,ID,2022-02-12 23:57:27,-8.4667,140.3333,82.49,67,18,11.77
308,Vila Velha,BR,2022-02-12 23:58:26,-20.3297,-40.2925,75.94,92,75,3.44
309,Nishihara,JP,2022-02-12 23:58:50,26.1842,127.7558,70.88,89,75,8.05
310,Hamilton,US,2022-02-12 23:53:57,39.1834,-84.5333,29.35,76,100,10.36
311,Uinskoye,RU,2022-02-12 23:58:51,56.8817,56.5813,22.05,96,98,6.62
312,Pangoa,PE,2022-02-12 23:58:51,-12.1167,-73.0,69.35,93,100,1.97
313,Saint-Joseph,RE,2022-02-12 23:58:01,-21.3667,55.6167,77.36,80,13,9.57
314,Silver City,US,2022-02-12 23:58:51,32.7701,-108.2803,51.84,33,0,4.61
315,Ostersund,SE,2022-02-12 23:58:52,63.1792,14.6357,32.61,86,20,11.5
316,Ishigaki,JP,2022-02-12 23:58:52,24.3448,124.1572,66.33,100,75,13.8
317,Greensburg,US,2022-02-12 23:59:52,40.3015,-79.5389,33.75,72,100,3.0
318,Pangody,RU,2022-02-12 23:59:52,65.85,74.4859,-10.34,94,8,14.74
319,Dali,CN,2022-02-12 23:59:53,25.7,100.1833,36.27,84,1,1.83
320,Zivinice,BA,2022-02-12 23:59:53,44.4494,18.6497,30.42,93,0,3.44
321,Panama City,PA,2022-02-12 23:59:53,8.9936,-79.5197,85.95,63,20,14.97
322,Melsungen,DE,2022-02-12 23:59:54,51.1333,9.55,38.07,80,87,2.3
323,Westport,US,2022-02-12 23:59:54,41.1415,-73.3579,52.75,50,98,5.01
324,Inhambane,MZ,2022-02-12 23:59:54,-23.865,35.3833,74.3,76,6,8.16
325,Pevek,RU,2022-02-12 23:59:54,69.7008,170.3133,-20.11,97,100,8.75
326,Kingston,JM,2022-02-12 23:58:40,17.997,-76.7936,81.55,68,20,28.77
327,Cananea,MX,2022-02-12 23:59:55,30.95,-110.3,61.79,22,0,10.69
328,Soe,ID,2022-02-12 23:59:55,-9.8607,124.284,71.85,83,82,2.59
329,Buritizeiro,BR,2022-02-12 23:59:54,-17.3511,-44.9622,67.15,97,83,1.5
330,Lasa,IT,2022-02-12 23:59:55,46.6166,10.7002,27.01,41,25,1.41
331,Pontianak,ID,2022-02-12 23:59:56,-0.0333,109.3333,73.38,100,75,3.44
332,Kavieng,PG,2022-02-12 23:59:56,-2.5744,150.7967,82.38,73,100,3.2
333,Korla,CN,2022-02-12 23:59:56,41.7597,86.1469,26.94,49,85,1.59
334,Bathsheba,BB,2022-02-12 23:55:40,13.2167,-59.5167,79.41,69,40,12.66
335,Batetskiy,RU,2022-02-12 23:59:57,58.6461,30.3027,31.8,92,100,13.8
336,Bagan,RU,2022-02-12 23:59:57,54.1001,77.6646,12.54,95,98,10.33
337,Northam,GB,2022-02-12 23:59:57,51.0333,-4.2167,50.41,96,100,19.98
338,Shaoyang,CN,2022-02-12 23:59:58,27.2315,111.4525,39.29,92,100,1.07
339,San Ignacio,BZ,2022-02-12 23:59:58,17.1561,-89.0714,87.94,62,20,0.0
340,Anadyr,RU,2022-02-12 23:59:58,64.75,177.4833,-21.5,76,65,13.42
341,Pochutla,MX,2022-02-12 23:59:58,15.7432,-96.4661,83.82,52,25,4.09
342,Hoa Binh,VN,2022-02-12 23:59:59,20.8133,105.3383,55.29,97,100,2.59
343,Manaquiri,BR,2022-02-12 23:59:59,-3.3167,-60.35,81.05,96,89,2.04
344,Golden,US,2022-02-13 00:00:00,39.7555,-105.2211,42.1,57,82,5.99
345,Aasiaat,GL,2022-02-13 00:00:00,68.7098,-52.8699,2.37,83,100,9.6
346,Nandyal,IN,2022-02-13 00:00:01,15.4833,78.4833,68.31,75,67,4.59
347,Erie,US,2022-02-13 00:00:01,42.7667,-78.6664,23.25,69,100,1.99
348,Acarau,BR,2022-02-13 00:00:02,-2.8856,-40.12,78.94,83,92,10.31
349,Puerto Escondido,MX,2022-02-13 00:00:07,15.85,-97.0667,81.59,58,4,3.36
350,Luderitz,NA,2022-02-13 00:00:08,-26.6481,15.1594,73.35,66,4,8.63
351,Lorengau,PG,2022-02-13 00:00:11,-2.0226,147.2712,82.31,77,99,2.28
352,Asfi,MA,2022-02-12 23:56:03,32.2994,-9.2372,56.3,82,33,12.62
353,Naze,JP,2022-02-13 00:00:18,28.3667,129.4833,64.72,87,100,11.45
354,Tura,IN,2022-02-12 23:56:53,25.5198,90.2201,52.84,80,0,4.29
355,Adrar,MR,2022-02-13 00:00:21,20.5022,-10.0711,62.13,26,72,11.1
356,Otavi,NA,2022-02-13 00:00:23,-19.65,17.3333,66.16,84,100,3.83
357,Te Anau,NZ,2022-02-13 00:00:25,-45.4167,167.7167,48.92,85,96,4.21
358,Tessalit,ML,2022-02-13 00:00:27,20.1986,1.0114,64.0,15,0,5.1
359,Abapo,BO,2022-02-13 00:00:27,-18.8333,-63.4667,62.37,95,100,3.65
360,Caravelas,BR,2022-02-13 00:00:30,-17.7125,-39.2481,76.87,82,93,5.3
361,Lata,PT,2022-02-13 00:00:35,40.1629,-8.3327,46.06,96,43,1.3
362,Nogales,MX,2022-02-13 00:00:37,31.3086,-110.9422,73.31,19,0,9.98
363,Manavalakurichi,IN,2022-02-13 00:00:39,8.1333,77.3,78.89,77,100,7.4
364,Oyek,RU,2022-02-13 00:00:41,52.5861,104.4556,-22.63,100,82,3.85
365,Abu Dhabi,AE,2022-02-12 23:58:07,24.4667,54.3667,69.82,82,40,10.36
366,Pangkalanbuun,ID,2022-02-13 00:01:42,-2.6833,111.6167,74.62,91,98,2.24
367,Xining,CN,2022-02-13 00:00:09,36.6167,101.7667,10.18,69,80,2.93
368,Finschhafen,PG,2022-02-13 00:01:43,-6.6024,147.8681,82.47,75,81,1.39
369,East London,ZA,2022-02-13 00:01:43,-33.0153,27.9116,75.34,89,2,8.03
370,Mindelo,CV,2022-02-13 00:01:44,16.8901,-24.9804,71.49,74,100,16.69
371,Matara,LK,2022-02-12 23:57:06,5.9485,80.5353,74.77,89,93,1.41
372,San Rafael,AR,2022-02-13 00:01:44,-34.6177,-68.3301,68.4,29,0,11.3
373,Tual,ID,2022-02-13 00:01:44,-5.6667,132.75,82.89,70,13,4.83
374,Mount Isa,AU,2022-02-13 00:01:45,-20.7333,139.5,87.57,58,40,8.05
375,Svetlogorsk,BY,2022-02-13 00:01:45,52.6333,29.7333,26.69,83,44,8.95
376,Beian,NO,2022-02-13 00:01:45,63.6559,9.5683,40.01,81,75,23.02
377,Copiapo,CL,2022-02-13 00:01:46,-27.3667,-70.3333,70.68,56,0,5.53
378,Ovalle,CL,2022-02-13 00:01:46,-30.5983,-71.2003,72.68,52,0,4.94
379,Karratha,AU,2022-02-13 00:01:46,-20.7377,116.8463,87.58,56,60,12.77
380,Anchorage,US,2022-02-12 23:57:17,61.2181,-149.9003,34.68,92,100,3.44
381,Daru,PG,2022-02-13 00:01:47,-9.0763,143.2092,83.55,68,7,9.26
382,Gra Liyia,GR,2022-02-13 00:01:47,35.0167,25.6833,55.13,73,67,4.0
383,Raudeberg,NO,2022-02-13 00:01:47,61.9875,5.1352,40.87,94,100,7.0
384,Bandarbeyla,SO,2022-02-13 00:01:48,9.4942,50.8122,74.73,71,99,11.99
385,Tayga,RU,2022-02-13 00:01:48,56.06,85.6197,-2.9,95,5,6.26
386,Angoram,PG,2022-02-13 00:01:48,-4.0625,144.0661,80.76,89,68,1.95
387,Edd,ER,2022-02-13 00:01:49,13.9297,41.6925,76.46,77,59,2.01
388,Codrington,AU,2022-02-13 00:01:49,-38.2667,141.9667,84.76,28,86,17.69
389,Ballitoville,ZA,2022-02-13 00:01:50,-29.539,31.2144,77.16,89,0,9.06
390,Dutlwe,BW,2022-02-13 00:01:50,-23.9833,23.9,69.12,39,0,9.55
391,Sarangani,PH,2022-02-13 00:01:50,5.4033,125.4636,81.41,75,100,21.23
392,Boddam,GB,2022-02-13 00:01:51,57.4667,-1.7833,46.38,76,75,23.87
393,Tigil,RU,2022-02-13 00:01:51,57.8,158.6667,-4.83,95,23,1.57
394,Saint-Pierre,RE,2022-02-13 00:01:51,-21.3393,55.4781,78.44,83,0,4.61
395,Kidal,ML,2022-02-13 00:01:52,18.4411,1.4078,67.26,13,0,4.61
396,Konispol,AL,2022-02-13 00:01:52,39.6589,20.1814,48.67,77,100,4.79
397,Ilulissat,GL,2022-02-13 00:01:53,69.2167,-51.1,12.22,85,100,12.66
398,Samarkand,UZ,2022-02-13 00:01:53,39.6542,66.9597,36.82,93,100,4.61
399,Gamba,GA,2022-02-13 00:01:53,-2.65,10.0,77.31,90,95,3.71
400,Havre-Saint-Pierre,CA,2022-02-13 00:01:54,50.2334,-63.5986,32.36,93,100,0.0
401,Dudinka,RU,2022-02-13 00:01:54,69.4058,86.1778,-5.12,82,18,17.22
402,High Prairie,CA,2022-02-13 00:01:54,55.4334,-116.4858,33.42,85,100,4.45
403,Along,IN,2022-02-13 00:01:55,28.1667,94.7667,40.14,67,3,3.09
404,Vila,PT,2022-02-13 00:01:55,42.0304,-8.1588,39.33,92,40,4.32
405,La Reforma,MX,2022-02-13 00:01:56,25.0833,-108.05,81.75,50,92,10.0
406,Sao Joao Do Piaui,BR,2022-02-13 00:01:56,-8.3581,-42.2467,74.39,84,37,2.24
407,Marrakesh,MA,2022-02-13 00:01:57,31.6315,-8.0083,55.47,58,0,4.61
408,Mandalgovi,MN,2022-02-13 00:01:57,45.7625,106.2708,-9.92,87,11,6.22
409,Berdigestyakh,RU,2022-02-13 00:01:57,62.0989,126.6992,-16.82,98,100,3.2
410,Pitimbu,BR,2022-02-13 00:01:57,-7.4706,-34.8086,80.71,77,34,8.99
411,Evensk,RU,2022-02-13 00:01:58,61.95,159.2333,-5.85,75,20,6.46
412,Ahuimanu,US,2022-02-13 00:02:58,21.4447,-157.8378,81.54,58,0,10.36
413,Sibolga,ID,2022-02-13 00:02:58,1.7427,98.7792,74.79,86,92,3.71
414,San Policarpo,PH,2022-02-13 00:02:58,12.1791,125.5072,78.66,85,88,16.17
415,Sao Gotardo,BR,2022-02-13 00:02:59,-19.3111,-46.0489,67.62,98,88,3.83
416,Sur,OM,2022-02-13 00:02:59,22.5667,59.5289,68.22,59,0,6.58
417,Varzelandia,BR,2022-02-13 00:02:59,-15.7014,-44.0275,68.13,91,100,2.62
418,Pimentel,PE,2022-02-13 00:03:00,-6.8367,-79.9342,72.3,78,93,12.82
419,Sorkjosen,NO,2022-02-13 00:03:00,69.8,20.9333,15.71,67,30,12.57
420,Caibarien,CU,2022-02-13 00:03:00,22.5206,-79.4669,76.32,84,15,9.71
421,Adre,TD,2022-02-13 00:03:01,13.4667,22.2,66.6,12,69,12.37
422,Komsomolskiy,UZ,2022-02-13 00:03:01,40.4272,71.7189,38.62,93,100,2.3
423,Mogadishu,SO,2022-02-13 00:03:01,2.0371,45.3438,76.44,79,94,19.37
424,Uyar,RU,2022-02-13 00:03:02,55.81,94.3153,-24.9,100,96,2.82
425,Takoradi,GH,2022-02-13 00:03:02,4.8845,-1.7554,78.48,87,68,6.17
426,Shulan,CN,2022-02-13 00:03:02,44.4167,126.95,-2.33,97,84,2.62
427,Liberal,US,2022-02-12 23:59:45,37.0431,-100.921,46.15,25,24,7.78
428,Kilindoni,TZ,2022-02-13 00:03:03,-7.9139,39.6668,80.08,78,100,7.31
429,Touho,NC,2022-02-13 00:03:03,-20.7833,165.2333,82.11,73,81,4.43
430,Charters Towers,AU,2022-02-13 00:03:04,-20.1,146.2667,81.23,53,1,13.06
431,Xai-Xai,MZ,2022-02-13 00:03:04,-25.0519,33.6442,72.1,85,2,2.59
432,Atikokan,CA,2022-02-13 00:03:04,48.7555,-91.6216,-9.49,94,100,2.35
433,Pingliang,CN,2022-02-13 00:03:05,35.5392,106.6861,19.44,90,11,6.02
434,Villanueva De La Serena,ES,2022-02-13 00:03:05,38.9766,-5.7974,55.87,91,85,2.53
435,Bijar,IR,2022-02-13 00:03:06,35.8668,47.6051,16.38,90,11,4.5
436,Asau,RO,2022-02-13 00:03:06,46.4333,26.4,28.76,93,52,2.91
437,Andenes,NO,2022-02-13 00:03:06,69.3143,16.1194,26.58,80,75,16.11
438,Port Macquarie,AU,2022-02-13 00:01:56,-31.4333,152.9167,68.9,64,100,6.85
439,Abonnema,NG,2022-02-13 00:03:07,4.7084,6.7931,80.56,75,74,5.46
440,Torbay,CA,2022-02-13 00:03:07,47.6666,-52.7314,46.76,82,95,7.0
441,Bageshwar,IN,2022-02-13 00:03:07,29.85,79.7667,43.39,58,0,2.66
442,Sao Raimundo Nonato,BR,2022-02-13 00:03:08,-9.0153,-42.6994,72.0,91,53,2.91
443,Tagab,AF,2022-02-13 00:03:08,34.855,69.6492,39.97,42,49,5.14
444,Gazli,UZ,2022-02-13 00:03:08,40.1333,63.45,34.84,65,0,5.68
445,Pipri,IN,2022-02-13 00:03:09,19.8,75.5333,63.07,40,55,3.71
446,Sambava,MG,2022-02-13 00:03:09,-14.2667,50.1667,73.67,91,49,6.31
447,Mujiayingzi,CN,2022-02-13 00:03:09,42.1167,118.7833,8.42,81,94,3.71
448,Krasnoselkup,RU,2022-02-13 00:03:10,65.7,82.4667,-8.5,88,5,12.21
449,Zhuhai,CN,2022-02-13 00:03:10,22.2769,113.5678,64.9,88,40,11.5
450,Dalnerechensk,RU,2022-02-13 00:03:10,45.9339,133.7225,-1.52,96,45,6.22
451,Port Augusta,AU,2022-02-13 00:03:11,-32.5,137.7667,89.71,13,62,4.74
452,Poum,NC,2022-02-13 00:03:11,-20.2333,164.0167,81.52,72,100,3.89
453,Srednekolymsk,RU,2022-02-13 00:03:11,67.45,153.6833,-26.39,96,91,7.05
454,Vestmannaeyjar,IS,2022-02-13 00:03:12,63.4427,-20.2734,31.86,77,32,8.77
455,Puerto Del Rosario,ES,2022-02-13 00:03:12,28.5004,-13.8627,62.35,77,0,9.22
456,Tazovskiy,RU,2022-02-13 00:03:12,67.4667,78.7,-8.01,89,6,15.26
457,Dabat,ET,2022-02-13 00:03:13,12.9842,37.765,53.96,54,23,3.09
458,Harsud,IN,2022-02-13 00:04:13,22.1,76.7333,58.32,30,1,5.5
459,Bara,NG,2022-02-13 00:04:14,10.3744,10.7288,69.73,21,17,7.58
460,Chara,RU,2022-02-13 00:04:14,56.9064,118.2631,-25.28,86,94,1.3
461,Karpathos,GR,2022-02-13 00:04:14,35.507,27.2132,55.36,71,99,5.75
462,Thinadhoo,MV,2022-02-13 00:04:15,0.5333,72.9333,81.23,72,100,10.07
463,Namibe,AO,2022-02-13 00:04:15,-15.1961,12.1522,74.66,80,84,2.62
464,Alice Springs,AU,2022-02-13 00:00:58,-23.7,133.8833,76.55,31,0,0.0
465,Agirish,RU,2022-02-13 00:04:15,61.9247,63.0231,-4.4,100,97,5.21
466,Guilin,CN,2022-02-13 00:00:24,25.2819,110.2864,41.04,91,100,5.75
467,Coffs Harbour,AU,2022-02-13 00:00:47,-30.3,153.1333,75.16,64,40,13.8
468,Mahebourg,MU,2022-02-13 00:01:31,-20.4081,57.7,77.25,85,44,13.02
469,Puerto Colombia,CO,2022-02-13 00:04:16,10.9878,-74.9547,80.69,77,20,24.65
470,Liwale,TZ,2022-02-13 00:04:16,-9.7667,37.9333,68.45,98,100,1.07
471,Madingou,CG,2022-02-13 00:04:17,-4.1536,13.55,73.56,94,93,2.95
472,Magdagachi,RU,2022-02-13 00:04:17,53.45,125.8,-9.06,83,95,4.23
473,La Baule-Escoublac,FR,2022-02-13 00:04:17,47.2922,-2.364,48.87,89,100,8.05
474,Rawson,AR,2022-02-13 00:04:18,-43.3002,-65.1023,74.75,28,94,12.97
475,Kaitong,CN,2022-02-13 00:04:18,44.8135,123.15,-9.22,100,32,4.25
476,Ahipara,NZ,2022-02-13 00:04:18,-35.1667,173.1667,70.92,68,70,19.55
477,Thanh Hoa,VN,2022-02-13 00:04:19,19.8,105.7667,63.25,94,100,6.91
478,Brody,UA,2022-02-13 00:04:19,50.0879,25.1503,28.06,78,5,5.23
479,Mayumba,GA,2022-02-13 00:04:20,-3.432,10.6554,77.72,89,100,3.49
480,Aleksandrovsk-Sakhalinskiy,RU,2022-02-13 00:04:20,50.8975,142.1561,19.36,90,100,7.11
481,Kawalu,ID,2022-02-13 00:04:20,-7.3817,108.2082,74.48,89,100,1.9
482,Floro,NO,2022-02-13 00:04:20,61.5996,5.0328,42.76,100,100,16.11
483,Clyde River,CA,2022-02-13 00:02:27,70.4692,-68.5914,-16.37,76,100,31.07
484,Najran,SA,2022-02-13 00:04:21,17.4924,44.1277,62.38,36,2,7.27
485,Moree,AU,2022-02-13 00:04:21,-29.4667,149.85,78.82,34,0,10.36
486,Rivadavia,AR,2022-02-13 00:04:21,-33.1905,-68.4608,70.34,26,27,7.31
487,Hovd,MN,2022-02-13 00:04:22,48.0056,91.6419,-16.42,85,72,1.81
488,Buala,SB,2022-02-13 00:04:22,-8.145,159.5921,84.42,68,97,2.28
489,Sorochinsk,RU,2022-02-13 00:04:22,52.4338,53.1583,22.95,97,100,5.68
490,Puri,IN,2022-02-13 00:04:23,19.8,85.85,59.52,63,11,9.33
491,Severo-Yeniseyskiy,RU,2022-02-13 00:04:23,60.3725,93.0408,-19.26,99,19,3.62
492,Bayangol,RU,2022-02-13 00:04:23,50.6977,103.4656,-20.24,100,100,2.26
493,Carutapera,BR,2022-02-13 00:04:23,-1.195,-46.02,77.23,91,89,5.3
494,Camacha,PT,2022-02-13 00:04:24,33.0833,-16.3333,59.76,77,40,6.91
495,Ponta Delgada,PT,2022-02-13 00:04:24,37.7333,-25.6667,63.5,82,75,18.41
496,Orbetello,IT,2022-02-13 00:04:24,42.4408,11.2196,50.79,69,5,6.49
497,Newcastleton,GB,2022-02-13 00:04:25,55.1796,-2.8127,47.03,93,97,16.08
498,Waw,SS,2022-02-13 00:04:25,7.7029,27.9953,76.19,19,26,6.06
499,Tara,RU,2022-02-13 00:04:25,56.8944,74.371,-0.24,94,91,8.19
500,Bilibino,RU,2022-02-13 00:04:26,68.0546,166.4372,-22.85,97,100,1.39
501,Rundu,NA,2022-02-13 00:04:26,-17.9333,19.7667,65.25,90,99,4.32
502,Port Hawkesbury,CA,2022-02-13 00:04:27,45.6169,-61.3485,46.78,94,66,8.01
503,Saint-Francois,FR,2022-02-13 00:05:27,46.4154,3.9054,31.41,92,60,2.3
504,Izumo,JP,2022-02-13 00:05:27,35.3667,132.7667,42.37,86,100,4.68
505,Broken Hill,AU,2022-02-13 00:05:28,-31.95,141.4333,85.37,25,28,18.7
506,Hoi An,VN,2022-02-13 00:05:28,15.8794,108.335,75.16,90,91,6.42
507,Svarychiv,UA,2022-02-13 00:05:28,48.9622,24.1966,22.64,73,3,4.41
508,Romanovo,RU,2022-02-13 00:05:29,52.6182,81.2271,17.82,92,100,13.91
509,Lima,PE,2022-02-13 00:01:10,-12.0432,-77.0282,74.89,67,63,7.14
510,Talara,PE,2022-02-13 00:05:29,-4.5772,-81.2719,73.53,77,99,7.72
511,Petropavlovsk-Kamchatskiy,RU,2022-02-13 00:05:29,53.0452,158.6483,5.59,66,75,4.47
512,Buenavista,PH,2022-02-13 00:05:29,8.9769,125.4089,77.59,79,100,6.04
513,Key Largo,US,2022-02-13 00:05:30,25.0865,-80.4473,75.99,87,7,8.37
514,Halifax,CA,2022-02-13 00:05:03,44.6453,-63.5724,47.08,89,18,5.01
515,Boulder City,US,2022-02-13 00:05:30,35.9786,-114.8325,70.9,8,0,8.05
516,Korem,ET,2022-02-13 00:05:31,12.5058,39.5228,51.76,92,84,2.66
517,Miles City,US,2022-02-13 00:05:31,46.4083,-105.8406,38.52,48,20,13.8
518,Quelimane,MZ,2022-02-13 00:05:31,-17.8786,36.8883,74.46,96,94,3.2
519,Tucurui,BR,2022-02-13 00:05:12,-3.7661,-49.6725,74.77,93,100,2.13
520,Dayong,CN,2022-02-13 00:05:32,25.0209,118.2898,59.9,93,100,1.7
521,Paragominas,BR,2022-02-13 00:01:16,-2.9667,-47.4833,73.47,88,55,3.98
522,Todos Santos,MX,2022-02-13 00:05:32,23.45,-110.2167,79.02,61,13,4.07
523,Orahovac,XK,2022-02-13 00:05:33,42.3994,20.6547,37.53,79,100,2.21
524,Port Hardy,CA,2022-02-13 00:00:45,50.6996,-127.4199,48.76,61,99,2.35
525,Haines Junction,CA,2022-02-13 00:02:25,60.7522,-137.5108,32.07,90,24,6.13
526,Makakilo City,US,2022-02-13 00:05:33,21.3469,-158.0858,80.35,49,20,10.36
527,Coihaique,CL,2022-02-13 00:05:33,-45.5752,-72.0662,75.81,53,0,5.75
528,Ganzhou,CN,2022-02-13 00:05:34,28.8184,115.4327,42.82,95,100,2.53
529,Urubicha,BO,2022-02-13 00:05:34,-15.3833,-62.95,71.08,98,100,4.34
530,Mwandiga,TZ,2022-02-13 00:05:34,-4.83,29.6581,71.51,77,100,2.13
531,Leningradskiy,RU,2022-02-13 00:05:35,69.3833,178.4167,-17.81,95,94,4.41
532,Bereznik,RU,2022-02-13 00:05:35,62.8551,42.7072,5.85,98,80,3.38
533,Tucuma,BR,2022-02-13 00:01:22,-0.1833,-50.05,76.19,93,82,5.5
534,Kungur,RU,2022-02-13 00:05:36,57.4368,56.9593,21.76,96,99,6.42
535,Moses Lake,US,2022-02-13 00:05:14,47.1301,-119.2781,49.62,56,0,4.61
536,Myrtle Beach,US,2022-02-13 00:00:47,33.6891,-78.8867,61.18,67,100,7.67
537,Banepa,NP,2022-02-13 00:05:36,27.6298,85.5214,43.12,100,75,0.0
538,Tabuk,PH,2022-02-13 00:05:36,17.4189,121.4443,72.75,87,90,2.55
539,Vostok,RU,2022-02-13 00:02:36,46.4856,135.8833,4.86,93,100,2.59
540,Bage,BR,2022-02-13 00:05:37,-31.3314,-54.1069,71.38,83,75,11.5
541,Angouleme,FR,2022-02-13 00:02:39,45.65,0.15,39.52,52,0,3.44
542,Tsiroanomandidy,MG,2022-02-13 00:05:37,-18.7667,46.0333,68.32,87,93,3.24
543,Matay,EG,2022-02-13 00:05:37,28.419,30.7792,54.18,42,0,5.57
544,Mutare,ZW,2022-02-13 00:05:38,-18.9707,32.6709,58.78,95,38,1.77
545,Letterkenny,IE,2022-02-13 00:05:38,54.95,-7.7333,45.03,86,100,9.91
